{"cameraMode":{"drawMode":0,"name":"Shaded","section":"Shading Mode"},"sceneLighting":true,"audioPlay":false,"sceneViewState":{"m_AlwaysRefresh":false,"showFog":true,"showSkybox":true,"showFlares":true,"showImageEffects":true,"showParticleSystems":true,"showVisualEffectGraphs":true,"m_FxEnabled":true},"in2DMode":false,"pivot":{"x":219.58460998535157,"y":106.26063537597656,"z":6.63128662109375},"rotation":{"x":0.11680863052606583,"y":-0.0625307485461235,"z":0.00736980140209198,"w":0.9911569356918335},"size":113.15583038330078,"orthographic":false}