{"cameraMode":{"drawMode":0,"name":"Shaded","section":"Shading Mode"},"sceneLighting":false,"audioPlay":false,"sceneViewState":{"m_AlwaysRefresh":false,"showFog":true,"showSkybox":false,"showFlares":true,"showImageEffects":true,"showParticleSystems":true,"showVisualEffectGraphs":true,"m_FxEnabled":true},"in2DMode":false,"pivot":{"x":3.8314545154571535,"y":2.0929274559020998,"z":4.967473030090332},"rotation":{"x":0.03051261231303215,"y":-0.9677764773368836,"z":0.20355375111103059,"w":0.14506886899471284},"size":2.3634181022644045,"orthographic":false}