{"cameraMode":{"drawMode":0,"name":"Shaded","section":"Shading Mode"},"sceneLighting":false,"audioPlay":false,"sceneViewState":{"m_AlwaysRefresh":false,"showFog":true,"showSkybox":false,"showFlares":true,"showImageEffects":true,"showParticleSystems":true,"showVisualEffectGraphs":true,"m_FxEnabled":true},"in2DMode":false,"pivot":{"x":-3.3514673709869386,"y":0.7269129753112793,"z":-3.2174835205078127},"rotation":{"x":0.008831855840981007,"y":0.9885772466659546,"z":-0.13609710335731507,"w":0.06415077298879624},"size":5.65191125869751,"orthographic":false}