{"cameraMode":{"drawMode":0,"name":"Shaded","section":"Shading Mode"},"sceneLighting":false,"audioPlay":false,"sceneViewState":{"m_AlwaysRefresh":false,"showFog":true,"showSkybox":false,"showFlares":true,"showImageEffects":true,"showParticleSystems":true,"showVisualEffectGraphs":true,"m_FxEnabled":true},"in2DMode":false,"pivot":{"x":-0.7954893112182617,"y":0.4505048394203186,"z":1.3533645868301392},"rotation":{"x":0.0878952294588089,"y":0.7283604741096497,"z":-0.09514908492565155,"w":0.6728407740592957},"size":2.8402445316314699,"orthographic":false}