{"cameraMode":{"drawMode":0,"name":"Shaded","section":"Shading Mode"},"sceneLighting":false,"audioPlay":false,"sceneViewState":{"m_AlwaysRefresh":false,"showFog":false,"showSkybox":false,"showFlares":false,"showImageEffects":false,"showParticleSystems":false,"showVisualEffectGraphs":true,"m_FxEnabled":true},"in2DMode":false,"pivot":{"x":1.7051973342895508,"y":-0.4568890929222107,"z":-0.22835779190063477},"rotation":{"x":0.00954408384859562,"y":0.982149600982666,"z":-0.051915086805820468,"w":0.18054942786693574},"size":1.675537347793579,"orthographic":false}