{"cameraMode":{"drawMode":0,"name":"Shaded","section":"Shading Mode"},"sceneLighting":true,"audioPlay":false,"sceneViewState":{"m_AlwaysRefresh":false,"showFog":true,"showSkybox":true,"showFlares":true,"showImageEffects":true,"showParticleSystems":true,"showVisualEffectGraphs":true,"m_FxEnabled":true},"in2DMode":false,"pivot":{"x":205.37863159179688,"y":-123.3079833984375,"z":-23.749195098876954},"rotation":{"x":-0.0019231606274843217,"y":-0.7028487920761108,"z":0.7113344669342041,"w":-0.0019003114430233837},"size":358.2458190917969,"orthographic":false}