{"cameraMode":{"drawMode":0,"name":"Shaded","section":"Shading Mode"},"sceneLighting":false,"audioPlay":false,"sceneViewState":{"m_AlwaysRefresh":false,"showFog":false,"showSkybox":false,"showFlares":false,"showImageEffects":false,"showParticleSystems":false,"showVisualEffectGraphs":true,"m_FxEnabled":true},"in2DMode":false,"pivot":{"x":-0.02338668704032898,"y":0.8943799734115601,"z":0.020201951265335084},"rotation":{"x":0.1128789409995079,"y":0.5661216974258423,"z":-0.07862477749586106,"w":0.8127655386924744},"size":1.0672084093093873,"orthographic":false}