{"cameraMode":{"drawMode":0,"name":"Shaded","section":"Shading Mode"},"sceneLighting":false,"audioPlay":false,"sceneViewState":{"m_AlwaysRefresh":false,"showFog":true,"showSkybox":false,"showFlares":true,"showImageEffects":true,"showParticleSystems":true,"showVisualEffectGraphs":true,"m_FxEnabled":true},"in2DMode":false,"pivot":{"x":1.496110200881958,"y":1.5330402851104737,"z":2.5487112998962404},"rotation":{"x":0.0003528932575136423,"y":0.9913386702537537,"z":0.002667092252522707,"w":-0.13131797313690186},"size":3.9751412868499758,"orthographic":false}