{"cameraMode":{"drawMode":0,"name":"Shaded","section":"Shading Mode"},"sceneLighting":false,"audioPlay":false,"sceneViewState":{"m_AlwaysRefresh":false,"showFog":false,"showSkybox":false,"showFlares":false,"showImageEffects":false,"showParticleSystems":false,"showVisualEffectGraphs":true,"m_FxEnabled":true},"in2DMode":false,"pivot":{"x":-0.02624484896659851,"y":0.7451672554016113,"z":0.029836922883987428},"rotation":{"x":0.34374991059303286,"y":0.46286505460739138,"z":-0.2009008377790451,"w":0.7919830679893494},"size":1.0705420970916749,"orthographic":false}